{"cameraMode":{"drawMode":0,"name":"Shaded","section":"Shading Mode"},"sceneLighting":true,"audioPlay":false,"sceneViewState":{"m_AlwaysRefresh":false,"showFog":true,"showSkybox":true,"showFlares":true,"showImageEffects":true,"showParticleSystems":true,"showVisualEffectGraphs":true,"m_FxEnabled":true},"in2DMode":false,"pivot":{"x":-1.0457855463027955,"y":0.6945655345916748,"z":-0.23647427558898927},"rotation":{"x":0.42561209201812746,"y":-0.4966540038585663,"z":0.3054581880569458,"w":0.6920182704925537},"size":1.5450925827026368,"orthographic":false}